residuals (i.e. ||f(x_n)||),differences (i.e. ||x_n-x_{n-1}||),current point (i.e. x_n)
5.889778561348268,0.0,"[ 2.50e+00  4.00e+00  2.00e+01  1.00e+00  5.00e-02 -1.00e-02  1.00e-01
  5.00e-03  1.10e+00  2.01e+00]"
0.42213715735873675,1.9188296029439214,"[ 2.06633990e+00  3.70258883e+00  1.96884901e+01  9.33660102e-01
  2.74027299e-01 -1.84322967e-02  6.52000415e-02  1.33338709e-03
  6.23019848e-01  2.70758999e-01]"
0.30871247100212845,0.13409958704911557,"[ 2.12919216e+00  3.68491386e+00  1.97307948e+01  8.70807845e-01
  2.92380823e-01 -1.60100326e-02  6.14206711e-02  1.46278162e-03
  5.38410415e-01  2.92300060e-01]"
0.24677596510409097,0.09111016502341521,"[ 2.18011974e+00  3.70198759e+00  1.97527163e+01  8.19880256e-01
  2.75663308e-01 -1.61405435e-02  6.08387532e-02  1.52691077e-03
  4.94567447e-01  2.80479779e-01]"
0.20363628715763288,0.07358659232260753,"[ 2.22182363e+00  3.71975475e+00  1.97671183e+01  7.78176368e-01
  2.57247487e-01 -1.53433517e-02  6.13388680e-02  1.58588721e-03
  4.65763481e-01  2.64866688e-01]"
0.17210988075988276,0.060648429086829665,"[ 2.25670868e+00  3.73461069e+00  1.97777581e+01  7.43291320e-01
  2.41765812e-01 -1.50277907e-02  6.22747881e-02  1.64448798e-03
  4.44483893e-01  2.50138731e-01]"
0.1482256657627,0.05103029745325071,"[ 2.28645563e+00  3.74663945e+00  1.97861741e+01  7.13544365e-01
  2.28975397e-01 -1.46164891e-02  6.33867985e-02  1.70277346e-03
  4.27651787e-01  2.37081779e-01]"
0.12954883540799259,0.0437944605930909,"[ 2.31220714e+00  3.75662731e+00  1.97931425e+01  6.87792864e-01
  2.18248507e-01 -1.43082007e-02  6.45565704e-02  1.76019947e-03
  4.13715011e-01  2.25566887e-01]"
0.1145831357642846,0.03816340487110157,"[ 2.33478554e+00  3.76505604e+00  1.97990949e+01  6.65214457e-01
  2.09089051e-01 -1.40177641e-02  6.57275915e-02  1.81645569e-03
  4.01810209e-01  2.15402083e-01]"
0.10234916019510323,0.03367477056225825,"[ 2.35479233e+00  3.77229474e+00  1.98042964e+01  6.45207668e-01
  2.01151191e-01 -1.37643699e-02  6.68725086e-02  1.87134443e-03
  3.91407134e-01  2.06380971e-01]"
0.09218337850577887,0.030018714905200895,"[ 2.37268099e+00  3.77859186e+00  1.98089198e+01  6.27319007e-01
  1.94185945e-01 -1.35342238e-02  6.79786190e-02  1.92477279e-03
  3.82160497e-01  1.98331631e-01]"
0.08361871028287389,0.02699042556492714,"[ 2.38879973e+00  3.78413183e+00  1.98130838e+01  6.11200273e-01
  1.88010799e-01 -1.33259963e-02  6.90407431e-02  1.97670525e-03
  3.73832441e-01  1.91109278e-01]"
0.07631739309752911,0.024445871412390033,"[ 2.40342119e+00  3.78905109e+00  1.98168738e+01  5.96578810e-01
  1.82487948e-01 -1.31356987e-02  7.00576292e-02  2.02714482e-03
  3.66252481e-01  1.84595234e-01]"
0.07002914162876388,0.022281789704605384,"[ 2.41676226e+00  3.79345423e+00  1.98203529e+01  5.83237742e-01
  1.77511265e-01 -1.29610329e-02  7.10300502e-02  2.07611729e-03
  3.59294104e-01  1.78691622e-01]"
0.06456473294702107,0.02042191957898864,"[ 2.42899796e+00  3.79742263e+00  1.98235696e+01  5.71002044e-01
  1.72997413e-01 -1.27998772e-02  7.19597855e-02  2.12366215e-03
  3.52860809e-01  1.73317577e-01]"
0.05977856253866432,0.018808836874722592,"[ 2.44027132e+00  3.80102083e+00  1.98265614e+01  5.59728682e-01
  1.68879913e-01 -1.26505624e-02  7.28490655e-02  2.16982659e-03
  3.46877242e-01  1.68405856e-01]"
0.05555685597975087,0.01739848154621264,"[ 2.45070057e+00  3.80430073e+00  1.98293583e+01  5.49299432e-01
  1.65104978e-01 -1.25116832e-02  7.37002714e-02  2.21466158e-03
  3.41283396e-01  1.63900187e-01]"
0.051809492082273714,0.016156516250417797,"[ 2.46038441e+00  3.80730461e+00  1.98319847e+01  5.39615587e-01
  1.61628541e-01 -1.23820664e-02  7.45157728e-02  2.25821953e-03
  3.36030674e-01  1.59753158e-01]"
0.048464214332564856,0.015055803832397092,"[ 2.46940602e+00  3.81006733e+00  1.98344604e+01  5.30593984e-01
  1.58414109e-01 -1.22607183e-02  7.52978449e-02  2.30055262e-03
  3.31079146e-01  1.55924557e-01]"
0.0454624549291037,0.014074630921276697,"[ 2.47783603e+00  3.81261793e+00  1.98368022e+01  5.22163974e-01
  1.55431154e-01 -1.21467916e-02  7.60486288e-02  2.34171194e-03
  3.26395583e-01  1.52380061e-01]"
0.04275627194873002,0.013195430083799257,"[ 2.48573491e+00  3.81498081e+00  1.98390240e+01  5.14265088e-01
  1.52653915e-01 -1.20395581e-02  7.67701162e-02  2.38174684e-03
  3.21952029e-01  1.49090195e-01]"
0.040306069082594397,0.012403845377747025,"[ 2.49315478e+00  3.81717664e+00  1.98411376e+01  5.06845220e-01
  1.50060478e-01 -1.19383881e-02  7.74641481e-02  2.42070464e-03
  3.17724729e-01  1.46029498e-01]"
0.03807887493094517,0.011688038349934869,"[ 2.50014082e+00  3.81922309e+00  1.98431533e+01  4.99859184e-01
  1.47632065e-01 -1.18427333e-02  7.81324193e-02  2.45863047e-03
  3.13693325e-01  1.43175859e-01]"
0.03604702850461126,0.011038165491367024,"[ 2.50673243e+00  3.82113533e+00  1.98450799e+01  4.93267574e-01
  1.45352480e-01 -1.17521138e-02  7.87764883e-02  2.49556719e-03
  3.09840228e-01  1.40509979e-01]"
0.03418716371280324,0.010445979835467986,"[ 2.51296416e+00  3.82292649e+00  1.98469249e+01  4.87035836e-01
  1.43207667e-01 -1.16661074e-02  7.93977870e-02  2.53155545e-03
  3.06150139e-01  1.38014931e-01]"
0.03247941671352385,0.009904523726621397,"[ 2.51886647e+00  3.82460800e+00  1.98486952e+01  4.81133530e-01
  1.41185357e-01 -1.15843407e-02  7.99976318e-02  2.56663369e-03
  3.02609666e-01  1.35675800e-01]"
0.030906801321460054,0.009407889408521124,"[ 2.52446629e+00  3.82618984e+00  1.98503965e+01  4.75533709e-01
  1.39274789e-01 -1.15064821e-02  8.05772334e-02  2.60083830e-03
  2.99207014e-01  1.33479394e-01]"
0.02945471250697481,0.008951030660527808,"[ 2.52978758e+00  3.82768079e+00  1.98520341e+01  4.70212424e-01
  1.37466477e-01 -1.14322359e-02  8.11377073e-02  2.63420365e-03
  2.95931744e-01  1.31413991e-01]"
0.02811052849420228,0.008529613276540256,"[ 2.53485170e+00  3.82908860e+00  1.98536127e+01  4.65148304e-01
  1.35752024e-01 -1.13613372e-02  8.16800822e-02  2.66676225e-03
  2.92774570e-01  1.29469143e-01]"
0.026863289455961708,0.008139895396658601,"[ 2.53967779e+00  3.83042016e+00  1.98551364e+01  4.60322206e-01
  1.34123962e-01 -1.12935481e-02  8.22053084e-02  2.69854483e-03
  2.89727195e-01  1.27635500e-01]"
0.02570343622319446,0.007778630996447808,"[ 2.54428307e+00  3.83168157e+00  1.98566089e+01  4.55716927e-01
  1.32575628e-01 -1.12286540e-02  8.27142650e-02  2.72958045e-03
  2.86782174e-01  1.25904671e-01]"
0.02462259639264003,0.00744299149586258,"[ 2.54868305e+00  3.83287829e+00  1.98580336e+01  4.51316955e-01
  1.31101052e-01 -1.11664610e-02  8.32077670e-02  2.75989662e-03
  2.83932803e-01  1.24269097e-01]"
0.023613408148729958,0.007130501660498505,"[ 2.55289174e+00  3.83401524e+00  1.98594135e+01  4.47108259e-01
  1.29694870e-01 -1.11067928e-02  8.36865707e-02  2.78951940e-03
  2.81173023e-01  1.22721953e-01]"
0.02266937430470372,0.00683898686137155,"[ 2.55692188e+00  3.83509681e+00  1.98607513e+01  4.43078116e-01
  1.28352246e-01 -1.10494895e-02  8.41513792e-02  2.81847348e-03
  2.78497340e-01  1.21257057e-01]"
0.021784740716976586,0.006566529425579365,"[ 2.56078505e+00  3.83612697e+00  1.98620496e+01  4.39214950e-01
  1.27068804e-01 -1.09944047e-02  8.46028474e-02  2.84678228e-03
  2.75900754e-01  1.19868796e-01]"
0.02095439447962333,0.006311432311219711,"[ 2.56449179e+00  3.83710933e+00  1.98633106e+01  4.35508210e-01
  1.25840578e-01 -1.09414049e-02  8.50415861e-02  2.87446802e-03
  2.73378706e-01  1.18552059e-01]"
0.020173778265304938,0.006072188720177412,"[ 2.56805175e+00  3.83804714e+00  1.98645365e+01  4.31948250e-01
  1.24663960e-01 -1.08903677e-02  8.54681659e-02  2.90155182e-03
  2.70927024e-01  1.17302184e-01]"
0.019438817919315992,0.005847456553198458,"[ 2.57147377e+00  3.83894337e+00  1.98657291e+01  4.28526232e-01
  1.23535663e-01 -1.08411803e-02  8.58831204e-02  2.92805374e-03
  2.68541883e-01  1.16114904e-01]"
0.01874586098876126,0.005636036835751069,"[ 2.57476596e+00  3.83980071e+00  1.98668901e+01  4.25234044e-01
  1.22452681e-01 -1.07937393e-02  8.62869497e-02  2.95399290e-03
  2.66219766e-01  1.14986311e-01]"
0.01809162431900795,0.005436855417255339,"[ 2.57793578e+00  3.84062165e+00  1.98680213e+01  4.22064220e-01
  1.21412261e-01 -1.07479489e-02  8.66801229e-02  2.97938749e-03
  2.63957431e-01  1.13912814e-01]"
0.017473149203968488,0.005248947382134525,"[ 2.58099012e+00  3.84140844e+00  1.98691241e+01  4.19009880e-01
  1.20411879e-01 -1.07037208e-02  8.70630805e-02  3.00425483e-03
  2.61751886e-01  1.12891109e-01]"
0.016887762857504998,0.005071443718181776,"[ 2.58393533e+00  3.84216316e+00  1.98701998e+01  4.16064666e-01
  1.19449209e-01 -1.06609732e-02  8.74362372e-02  3.02861146e-03
  2.59600361e-01  1.11918149e-01]"
0.01633304519692733,0.004903559872335363,"[ 2.58677730e+00  3.84288771e+00  1.98712499e+01  4.13222698e-01
  1.18522112e-01 -1.06196300e-02  8.77999831e-02  3.05247318e-03
  2.57500288e-01  1.10991121e-01]"
0.01580680010870103,0.004744585891337866,"[ 2.58952147e+00  3.84358386e+00  1.98722754e+01  4.10478526e-01
  1.17628610e-01 -1.05796208e-02  8.81546865e-02  3.07585506e-03
  2.55449283e-01  1.10107422e-01]"
0.015307030510770016,0.0045938778986743195,"[ 2.59217291e+00  3.84425322e+00  1.98732774e+01  4.07827088e-01
  1.16766874e-01 -1.05408798e-02  8.85006947e-02  3.09877152e-03
  2.53445125e-01  1.09264639e-01]"
0.01483191664262871,0.004450850702575851,"[ 2.59473632e+00  3.84489729e+00  1.98742571e+01  4.05263681e-01
  1.15935211e-01 -1.05033458e-02  8.88383361e-02  3.12123635e-03
  2.51485746e-01  1.08460534e-01]"
0.014379797109211301,0.004314971364914716,"[ 2.59721608e+00  3.84551747e+00  1.98752154e+01  4.02783921e-01
  1.15132049e-01 -1.04669616e-02  8.91679214e-02  3.14326276e-03
  2.49569214e-01  1.07693026e-01]"
0.013949152282183967,0.004185753589372715,"[ 2.59961628e+00  3.84611504e+00  1.98761531e+01  4.00383723e-01
  1.14355926e-01 -1.04316738e-02  8.94897448e-02  3.16486341e-03
  2.47693723e-01  1.06960176e-01]"
0.01353858972582632,0.004062752810464797,"[ 2.60194073e+00  3.84669119e+00  1.98770712e+01  3.98059271e-01
  1.13605482e-01 -1.03974324e-02  8.98040854e-02  3.18605043e-03
  2.45857583e-01  1.06260180e-01]"
0.013146831367066356,0.003945561884073658,"[ 2.60419300e+00  3.84724704e+00  1.98779704e+01  3.95806997e-01
  1.12879450e-01 -1.03641904e-02  9.01112077e-02  3.20683546e-03
  2.44059207e-01  1.05591353e-01]"
0.012772702172554551,0.0038338072958966573,"[ 2.60637644e+00  3.84778362e+00  1.98788514e+01  3.93623559e-01
  1.12176646e-01 -1.03319038e-02  9.04113632e-02  3.22722968e-03
  2.42297106e-01  1.04952118e-01]"
0.012415120131621037,0.003727145817068326,"[ 2.60849417e+00  3.84830191e+00  1.98797151e+01  3.91505826e-01
  1.11495963e-01 -1.03005313e-02  9.07047910e-02  3.24724383e-03
  2.40569881e-01  1.04341002e-01]"
0.012073087373923017,0.003625261547086871,"[ 2.61054914e+00  3.84880279e+00  1.98805619e+01  3.89450858e-01
  1.10836368e-01 -1.02700340e-02  9.09917185e-02  3.26688822e-03
  2.38876212e-01  1.03756625e-01]"
0.011745682275636197,0.0035278632930655814,"[ 2.61254411e+00  3.84928712e+00  1.98813926e+01  3.87455893e-01
  1.10196889e-01 -1.02403751e-02  9.12723624e-02  3.28617278e-03
  2.37214857e-01  1.03197692e-01]"
0.011432052429066716,0.0034346822418125558,"[ 2.61448167e+00  3.84975568e+00  1.98822077e+01  3.85518333e-01
  1.09576616e-01 -1.02115202e-02  9.15469291e-02  3.30510706e-03
  2.35584645e-01  1.02662987e-01]"
0.011131408368238909,0.0033454698875530447,"[ 2.61636427e+00  3.85020921e+00  1.98830078e+01  3.83635732e-01
  1.08974696e-01 -1.01834367e-02  9.18156155e-02  3.32370025e-03
  2.33984467e-01  1.02151368e-01]"
0.010843017957960707,0.0032599961833635776,"[ 2.61819422e+00  3.85064842e+00  1.98837934e+01  3.81805784e-01
  1.08390324e-01 -1.01560937e-02  9.20786096e-02  3.34196123e-03
  2.32413276e-01  1.01661760e-01]"
0.010566201366506302,0.0031780478888328904,"[ 2.61997369e+00  3.85107394e+00  1.98845650e+01  3.80026313e-01
  1.07822744e-01 -1.01294621e-02  9.23360911e-02  3.35989853e-03
  2.30870080e-01  1.01193151e-01]"
0.010300326552803586,0.0030994270902526717,"[ 2.62170474e+00  3.85148640e+00  1.98853230e+01  3.78295264e-01
  1.07271244e-01 -1.01035144e-02  9.25882315e-02  3.37752039e-03
  2.29353941e-01  1.00744587e-01]"
0.010044805208164358,0.0030239498728319796,"[ 2.62338930e+00  3.85188636e+00  1.98860680e+01  3.76610696e-01
  1.06735152e-01 -1.00782244e-02  9.28351952e-02  3.39483474e-03
  2.27863966e-01  1.00315169e-01]"
0.009799089100406012,0.002951445127143346,"[ 2.62502923e+00  3.85227438e+00  1.98868003e+01  3.74970770e-01
  1.06213833e-01 -1.00535674e-02  9.30771394e-02  3.41184928e-03
  2.26399309e-01  9.99040452e-02]"
0.009562666774908827,0.002881753474369119,"[ 2.62662625e+00  3.85265097e+00  1.98875204e+01  3.73373746e-01
  1.05706688e-01 -1.00295199e-02  9.33142146e-02  3.42857139e-03
  2.24959166e-01  9.95104142e-02]"
0.009335060572895248,0.0028147262968468392,"[ 2.62818203e+00  3.85301660e+00  1.98882286e+01  3.71817975e-01
  1.05213150e-01 -1.00060595e-02  9.35465652e-02  3.44500824e-03
  2.23542773e-01  9.91335157e-02]"
0.009115823932163597,0.002750224862184129,"[ 2.62969811e+00  3.85337173e+00  1.98889253e+01  3.70301893e-01
  1.04732683e-01 -9.98316517e-03  9.37743296e-02  3.46116675e-03
  2.22149400e-01  9.87726310e-02]"
0.008904538939771306,0.0026881195306402202,"[ 2.63117598e+00  3.85371681e+00  1.98896108e+01  3.68824016e-01
  1.04264779e-01 -9.96081660e-03  9.39976406e-02  3.47705361e-03
  2.20778355e-01  9.84270789e-02]"
0.008700814109852253,0.002628289036738321,"[ 2.63261707e+00  3.85405223e+00  1.98902855e+01  3.67382932e-01
  1.03808956e-01 -9.93899463e-03  9.42166259e-02  3.49267529e-03
  2.19428975e-01  9.80962137e-02]"
0.008504282362947282,0.0025706198372180914,"[ 2.63402270e+00  3.85437838e+00  1.98909497e+01  3.65977302e-01
  1.03364756e-01 -9.91768098e-03  9.44314079e-02  3.50803805e-03
  2.18100630e-01  9.77794231e-02]"
0.008314599186001307,0.002515005518291954,"[ 2.63539415e+00  3.85469563e+00  1.98916036e+01  3.64605849e-01
  1.02931747e-01 -9.89685822e-03  9.46421045e-02  3.52314796e-03
  2.16792716e-01  9.74761255e-02]"
0.008131440954598964,0.0024613462560961917,"[ 2.63673264e+00  3.85500433e+00  1.98922477e+01  3.63267360e-01
  1.02509515e-01 -9.87650973e-03  9.48488288e-02  3.53801089e-03
  2.15504657e-01  9.71857687e-02]"
0.007954503401112662,0.002409548324862306,"[ 2.63803932e+00  3.85530480e+00  1.98928820e+01  3.61960678e-01
  1.02097668e-01 -9.85661964e-03  9.50516899e-02  3.55263252e-03
  2.14235903e-01  9.69078276e-02]"
0.007783500214279189,0.0023595236480118643,"[ 2.63931530e+00  3.85559736e+00  1.98935070e+01  3.60684700e-01
  1.01695833e-01 -9.83717280e-03  9.52507927e-02  3.56701837e-03
  2.12985926e-01  9.66418028e-02]"
0.007618161757333813,0.0023111893878759323,"[ 2.64056163e+00  3.85588230e+00  1.98941229e+01  3.59438374e-01
  1.01303656e-01 -9.81815474e-03  9.54462382e-02  3.58117379e-03
  2.11754221e-01  9.63872192e-02]"
0.00745823389324045,0.002264467570263538,"[ 2.64177930e+00  3.85615992e+00  1.98947298e+01  3.58220698e-01
  1.00920797e-01 -9.79955160e-03  9.56381238e-02  3.59510396e-03
  2.10540305e-01  9.61436241e-02]"
0.007303476906800486,0.0022192847405055256,"[ 2.64296929e+00  3.85643047e+00  1.98953281e+01  3.57030712e-01
  1.00546933e-01 -9.78135016e-03  9.58265433e-02  3.60881391e-03
  2.09343712e-01  9.59105863e-02]"
0.007153664514515997,0.002175571647923502,"[ 2.64413250e+00  3.85669422e+00  1.98959180e+01  3.55867501e-01
  1.00181758e-01 -9.76353772e-03  9.60115871e-02  3.62230852e-03
  2.08163999e-01  9.56876946e-02]"
0.007008582954045063,0.002133262956086334,"[ 2.64526981e+00  3.85695140e+00  1.98964996e+01  3.54730189e-01
  9.98249764e-02 -9.74610215e-03  9.61933428e-02  3.63559253e-03
  2.07000736e-01  9.54745570e-02]"
0.006868030145940441,0.0020922969764200976,"[ 2.64638206e+00  3.85720226e+00  1.98970732e+01  3.53617939e-01
  9.94763082e-02 -9.72903181e-03  9.63718944e-02  3.64867053e-03
  2.05853515e-01  9.52707990e-02]"
0.006731814921113144,0.0020526154230124014,"[ 2.64747005e+00  3.85744701e+00  1.98976390e+01  3.52529948e-01
  9.91354851e-02 -9.71231556e-03  9.65473234e-02  3.66154699e-03
  2.04721940e-01  9.50760634e-02]"
0.006599756308132554,0.0020141631867179066,"[ 2.64853455e+00  3.85768587e+00  1.98981972e+01  3.51465450e-01
  9.88022506e-02 -9.69594268e-03  9.67197083e-02  3.67422626e-03
  2.03605631e-01  9.48900088e-02]"
0.006471682875064672,0.0019768881267922147,"[ 2.64957629e+00  3.85791903e+00  1.98987479e+01  3.50423709e-01
  9.84763592e-02 -9.67990291e-03  9.68891252e-02  3.68671255e-03
  2.02504224e-01  9.47123088e-02]"
0.006347432121078881,0.0019407408785166566,"[ 2.65059598e+00  3.85814669e+00  1.98992913e+01  3.49404019e-01
  9.81575761e-02 -9.66418639e-03  9.70556474e-02  3.69900996e-03
  2.01417365e-01  9.45426514e-02]"
0.00622684991351709,0.0019056746754122305,"[ 2.65159430e+00  3.85836904e+00  1.98998276e+01  3.48405705e-01
  9.78456764e-02 -9.64878365e-03  9.72193459e-02  3.71112248e-03
  2.00344718e-01  9.43807381e-02]"
0.006109789966544657,0.0018716451847761422,"[ 2.65257188e+00  3.85858625e+00  1.99003570e+01  3.47428118e-01
  9.75404445e-02 -9.63368558e-03  9.73802894e-02  3.72305398e-03
  1.99285954e-01  9.42262832e-02]"
0.005996113357865988,0.0018386103553828803,"[ 2.65352937e+00  3.85879850e+00  1.99008796e+01  3.46470634e-01
  9.72416738e-02 -9.61888344e-03  9.75385444e-02  3.73480824e-03
  1.98240760e-01  9.40790132e-02]"
0.005885688080329822,0.0018065302763492113,"[ 2.65446734e+00  3.85900593e+00  1.99013956e+01  3.45532657e-01
  9.69491662e-02 -9.60436881e-03  9.76941751e-02  3.74638891e-03
  1.97208831e-01  9.39386660e-02]"
0.005778388625538406,0.0017753670462024294,"[ 2.65538639e+00  3.85920871e+00  1.99019051e+01  3.44613612e-01
  9.66627314e-02 -9.59013359e-03  9.78472438e-02  3.75779958e-03
  1.96189874e-01  9.38049906e-02]"
0.00567409559685151,0.0017450846513293926,"[ 2.65628705e+00  3.85940699e+00  1.99024082e+01  3.43712946e-01
  9.63821870e-02 -9.57616998e-03  9.79978109e-02  3.76904372e-03
  1.95183606e-01  9.36777462e-02]"
0.005572695349406874,0.0017156488529986578,"[ 2.65716987e+00  3.85960091e+00  1.99029051e+01  3.42830128e-01
  9.61073576e-02 -9.56247046e-03  9.81459348e-02  3.78012471e-03
  1.94189754e-01  9.35567020e-02]"
0.005474079655001409,0.0016870270823234163,"[ 2.65803535e+00  3.85979060e+00  1.99033960e+01  3.41964647e-01
  9.58380748e-02 -9.54902782e-03  9.82916721e-02  3.79104585e-03
  1.93208053e-01  9.34416366e-02]"
0.005378145389865412,0.0016591883424718055,"[ 2.65888399e+00  3.85997620e+00  1.99038809e+01  3.41116012e-01
  9.55741767e-02 -9.53583506e-03  9.84350777e-02  3.80181034e-03
  1.92238248e-01  9.33323374e-02]"
0.005284794243542715,0.001632103117574358,"[ 2.65971625e+00  3.86015783e+00  1.99043600e+01  3.40283750e-01
  9.53155076e-02 -9.52288548e-03  9.85762050e-02  3.81242131e-03
  1.91280090e-01  9.32286003e-02]"
0.005193932447240121,0.0016057432878111815,"[ 2.66053260e+00  3.86033562e+00  1.99048333e+01  3.39467404e-01
  9.50619177e-02 -9.51017258e-03  9.87151055e-02  3.82288182e-03
  1.90333342e-01  9.31302295e-02]"
0.005105470520157462,0.0015800820501915716,"[ 2.66133346e+00  3.86050967e+00  1.99053011e+01  3.38666536e-01
  9.48132630e-02 -9.49769012e-03  9.88518293e-02  3.83319481e-03
  1.89397771e-01  9.30370367e-02]"
0.005019323032434998,0.0015550938445681767,"[ 2.66211928e+00  3.86068010e+00  1.99057634e+01  3.37880722e-01
  9.45694046e-02 -9.48543204e-03  9.89864251e-02  3.84336321e-03
  1.88473153e-01  9.29488410e-02]"
0.004935408383470255,0.0015307542845377172,"[ 2.66289045e+00  3.86084702e+00  1.99062204e+01  3.37109555e-01
  9.43302089e-02 -9.47339253e-03  9.91189401e-02  3.85338981e-03
  1.87559271e-01  9.28654684e-02]"
0.004853648594465023,0.0015070400928117724,"[ 2.66364736e+00  3.86101053e+00  1.99066720e+01  3.36352640e-01
  9.40955472e-02 -9.46156595e-03  9.92494201e-02  3.86327737e-03
  1.86655913e-01  9.27867517e-02]"
0.0047739691141545125,0.0014839290407457715,"[ 2.66439040e+00  3.86117072e+00  1.99071186e+01  3.35609598e-01
  9.38652954e-02 -9.44994686e-03  9.93779096e-02  3.87302859e-03
  1.85762876e-01  9.27125302e-02]"
0.004696298636759406,0.0014613998917303072,"[ 2.66511994e+00  3.86132771e+00  1.99075600e+01  3.34880062e-01
  9.36393337e-02 -9.43853001e-03  9.95044519e-02  3.88264606e-03
  1.84879961e-01  9.26426490e-02]"
0.004620568931280959,0.0014394323481420387,"[ 2.66583632e+00  3.86148156e+00  1.99079965e+01  3.34163679e-01
  9.34175469e-02 -9.42731031e-03  9.96290890e-02  3.89213235e-03
  1.84006975e-01  9.25769591e-02]"
0.004546714681326739,0.0014180070016065287,"[ 2.66653989e+00  3.86163239e+00  1.99084281e+01  3.33460107e-01
  9.31998236e-02 -9.41628285e-03  9.97518617e-02  3.90148995e-03
  1.83143734e-01  9.25153172e-02]"
0.004474673334725754,0.0013971052863423184,"[ 2.66723098e+00  3.86178026e+00  1.99088550e+01  3.32769015e-01
  9.29860564e-02 -9.40544288e-03  9.98728098e-02  3.91072129e-03
  1.82290054e-01  9.24575853e-02]"
0.004404384962244548,0.00137670943536264,"[ 2.66790991e+00  3.86192527e+00  1.99092771e+01  3.32090086e-01
  9.27761414e-02 -9.39478578e-03  9.99919717e-02  3.91982874e-03
  1.81445760e-01  9.24036302e-02]"
0.004335792124775186,0.0013568024393233158,"[ 2.66857699e+00  3.86206748e+00  1.99096947e+01  3.31423010e-01
  9.25699787e-02 -9.38430712e-03  1.00109385e-01  3.92881462e-03
  1.80610680e-01  9.23533239e-02]"
0.004268839748410335,0.0013373680078562532,"[ 2.66923251e+00  3.86220699e+00  1.99101077e+01  3.30767490e-01
  9.23674713e-02 -9.37400259e-03  1.00225087e-01  3.93768118e-03
  1.79784650e-01  9.23065429e-02]"
0.00420347500687185,0.0013183905332001848,"[ 2.66987676e+00  3.86234385e+00  1.99105162e+01  3.30123237e-01
  9.21685258e-02 -9.36386800e-03  1.00339112e-01  3.94643064e-03
  1.78967506e-01  9.22631682e-02]"
0.004139647210793168,0.0012998550559750876,"[ 2.67051003e+00  3.86247815e+00  1.99109205e+01  3.29489971e-01
  9.19730517e-02 -9.35389931e-03  1.00451495e-01  3.95506516e-03
  1.78159091e-01  9.22230849e-02]"
0.004077307703400373,0.0012817472329621081,"[ 2.67113258e+00  3.86260995e+00  1.99113204e+01  3.28867425e-01
  9.17809618e-02 -9.34409261e-03  1.00562269e-01  3.96358683e-03
  1.77359254e-01  9.21861825e-02]"
0.004016409762165377,0.0012640533067368284,"[ 2.67174467e+00  3.86273932e+00  1.99117161e+01  3.28255335e-01
  9.15921714e-02 -9.33444410e-03  1.00671468e-01  3.97199772e-03
  1.76567844e-01  9.21523541e-02]"
0.003956908506041844,0.0012467600770709134,"[ 2.67234655e+00  3.86286631e+00  1.99121076e+01  3.27653448e-01
  9.14065988e-02 -9.32495011e-03  1.00779124e-01  3.98029984e-03
  1.75784717e-01  9.21214968e-02]"
0.0038987608079175252,0.0012298548739323853,"[ 2.67293848e+00  3.86299101e+00  1.99124951e+01  3.27061521e-01
  9.12241649e-02 -9.31560705e-03  1.00885267e-01  3.98849515e-03
  1.75009731e-01  9.20935113e-02]"
0.0038419252119495303,0.0012133255320329504,"[ 2.67352068e+00  3.86311345e+00  1.99128786e+01  3.26479315e-01
  9.10447931e-02 -9.30641147e-03  1.00989928e-01  3.99658557e-03
  1.74242750e-01  9.20683015e-02]"
0.0037863618554679337,0.0011971603667801554,"[ 2.67409340e+00  3.86323370e+00  1.99132582e+01  3.25906600e-01
  9.08684092e-02 -9.29736002e-03  1.01093136e-01  4.00457298e-03
  1.73483639e-01  9.20457749e-02]"
0.00373203239515928,0.001181348151576516,"[ 2.67465685e+00  3.86335182e+00  1.99136339e+01  3.25343154e-01
  9.06949413e-02 -9.28844942e-03  1.01194920e-01  4.01245920e-03
  1.72732268e-01  9.20258420e-02]"
0.003678899937260562,0.0011658780963598855,"[ 2.67521124e+00  3.86346786e+00  1.99140057e+01  3.24788761e-01
  9.05243200e-02 -9.27967653e-03  1.01295307e-01  4.02024604e-03
  1.71988510e-01  9.20084166e-02]"
0.003626928971514234,0.001150739827318746,"[ 2.67575679e+00  3.86358188e+00  1.99143739e+01  3.24243209e-01
  9.03564778e-02 -9.27103827e-03  1.01394326e-01  4.02793525e-03
  1.71252240e-01  9.19934151e-02]"
0.0035760853086512843,0.0011359233676910643,"[ 2.67629370e+00  3.86369392e+00  1.99147383e+01  3.23706298e-01
  9.01913494e-02 -9.26253166e-03  1.01492003e-01  4.03552854e-03
  1.70523338e-01  9.19807570e-02]"
0.0035263360211862465,0.0011214191196152281,"[ 2.67682217e+00  3.86380402e+00  1.99150992e+01  3.23177828e-01
  9.00288714e-02 -9.25415381e-03  1.01588363e-01  4.04302758e-03
  1.69801685e-01  9.19703645e-02]"
0.0034776493873231395,0.001107217846922206,"[ 2.67734239e+00  3.86391225e+00  1.99154564e+01  3.22657610e-01
  8.98689824e-02 -9.24590190e-03  1.01683432e-01  4.05043402e-03
  1.69087167e-01  9.19621623e-02]"
0.003429994837784505,0.0010933106588535873,"[ 2.67785454e+00  3.86401865e+00  1.99158102e+01  3.22145456e-01
  8.97116229e-02 -9.23777319e-03  1.01777235e-01  4.05774945e-03
  1.68379671e-01  9.19560776e-02]"
0.0033833429053894714,0.001079688994622873,"[ 2.67835881e+00  3.86412325e+00  1.99161605e+01  3.21641188e-01
  8.95567350e-02 -9.22976505e-03  1.01869795e-01  4.06497545e-03
  1.67679087e-01  9.19520402e-02]"
0.00333766517721633,0.0010663446087748043,"[ 2.67885537e+00  3.86422611e+00  1.99165073e+01  3.21144629e-01
  8.94042627e-02 -9.22187487e-03  1.01961137e-01  4.07211356e-03
  1.66985308e-01  9.19499819e-02]"
0.0032929342491995403,0.0010532695573228302,"[ 2.67934439e+00  3.86432726e+00  1.99168509e+01  3.20655609e-01
  8.92541516e-02 -9.21410016e-03  1.02051282e-01  4.07916526e-03
  1.66298230e-01  9.19498372e-02]"
0.003249123683017663,0.0010404561845503142,"[ 2.67982604e+00  3.86442674e+00  1.99171911e+01  3.20173964e-01
  8.91063487e-02 -9.20643848e-03  1.02140254e-01  4.08613204e-03
  1.65617750e-01  9.19515423e-02]"
0.003206207965139488,0.0010278971105281887,"[ 2.68030047e+00  3.86452460e+00  1.99175281e+01  3.19699533e-01
  8.89608030e-02 -9.19888744e-03  1.02228075e-01  4.09301533e-03
  1.64943768e-01  9.19550357e-02]"
0.003164162467906028,0.001015585219235183,"[ 2.68076784e+00  3.86462088e+00  1.99178619e+01  3.19232160e-01
  8.88174644e-02 -9.19144475e-03  1.02314765e-01  4.09981654e-03
  1.64276188e-01  9.19602580e-02]"
0.0031229634125298678,0.0010035136472724526,"[ 2.68122831e+00  3.86471560e+00  1.99181925e+01  3.18771694e-01
  8.86762847e-02 -9.18410815e-03  1.02400345e-01  4.10653704e-03
  1.63614912e-01  9.19671514e-02]"
0.003082587833906021,0.0009916757731528833,"[ 2.68168201e+00  3.86480880e+00  1.99185201e+01  3.18317986e-01
  8.85372169e-02 -9.17687547e-03  1.02484835e-01  4.11317818e-03
  1.62959849e-01  9.19756604e-02]"
0.003043013547130297,0.0009800652070913742,"[ 2.68212911e+00  3.86490053e+00  1.99188445e+01  3.17870895e-01
  8.84002151e-02 -9.16974457e-03  1.02568256e-01  4.11974129e-03
  1.62310906e-01  9.19857309e-02]"
0.0030042191156315445,0.0009686757813319567,"[ 2.68256972e+00  3.86499081e+00  1.99191660e+01  3.17430279e-01
  8.82652352e-02 -9.16271338e-03  1.02650627e-01  4.12622765e-03
  1.61667995e-01  9.19973107e-02]"
0.0029661838208279436,0.0009575015409001288,"[ 2.68300400e+00  3.86507967e+00  1.99194845e+01  3.16996005e-01
  8.81322337e-02 -9.15577988e-03  1.02731967e-01  4.13263854e-03
  1.61031028e-01  9.20103493e-02]"
0.0029288876332241877,0.000946536734838259,"[ 2.68343206e+00  3.86516716e+00  1.99198000e+01  3.16567939e-01
  8.80011689e-02 -9.14894212e-03  1.02812293e-01  4.13897519e-03
  1.60399920e-01  9.20247977e-02]"
0.002892311184870224,0.0009357758078389173,"[ 2.68385405e+00  3.86525329e+00  1.99201127e+01  3.16145954e-01
  8.78719999e-02 -9.14219818e-03  1.02891625e-01  4.14523881e-03
  1.59774586e-01  9.20406084e-02]"
0.0028564357431089004,0.0009252133922800324,"[ 2.68427008e+00  3.86533810e+00  1.99204225e+01  3.15729924e-01
  8.77446870e-02 -9.13554620e-03  1.02969980e-01  4.15143060e-03
  1.59154946e-01  9.20577357e-02]"
0.0028212431855426236,0.0009148443006432162,"[ 2.68468027e+00  3.86542161e+00  1.99207295e+01  3.15319729e-01
  8.76191915e-02 -9.12898435e-03  1.03047375e-01  4.15755172e-03
  1.58540919e-01  9.20761350e-02]"
0.002786715976154468,0.0009046635182750019,"[ 2.68508475e+00  3.86550387e+00  1.99210338e+01  3.14915250e-01
  8.74954760e-02 -9.12251089e-03  1.03123827e-01  4.16360331e-03
  1.57932427e-01  9.20957632e-02]"
0.0027528371425227026,0.0008946661964892225,"[ 2.68548363e+00  3.86558488e+00  1.99213353e+01  3.14516370e-01
  8.73735037e-02 -9.11612407e-03  1.03199352e-01  4.16958649e-03
  1.57329392e-01  9.21165786e-02]"
0.0027195902540708035,0.0008848476460034388,"[ 2.68587702e+00  3.86566469e+00  1.99216341e+01  3.14122979e-01
  8.72532391e-02 -9.10982222e-03  1.03273967e-01  4.17550236e-03
  1.56731740e-01  9.21385409e-02]"
0.0026869594013000423,0.0008752033306386669,"[ 2.68626503e+00  3.86574331e+00  1.99219303e+01  3.13734967e-01
  8.71346476e-02 -9.10360371e-03  1.03347687e-01  4.18135198e-03
  1.56139396e-01  9.21616107e-02]"
0.00265492917595193,0.0008657288613619239,"[ 2.68664777e+00  3.86582077e+00  1.99222239e+01  3.13352228e-01
  8.70176954e-02 -9.09746693e-03  1.03420528e-01  4.18713642e-03
  1.55552289e-01  9.21857502e-02]"
0.002623484652054897,0.0008564199905368131,"[ 2.68702534e+00  3.86589710e+00  1.99225148e+01  3.12974656e-01
  8.69023497e-02 -9.09141032e-03  1.03492505e-01  4.19285669e-03
  1.54970346e-01  9.22109226e-02]"
0.0025926113678084372,0.0008472726064781229,"[ 2.68739785e+00  3.86597232e+00  1.99228032e+01  3.12602152e-01
  8.67885784e-02 -9.08543238e-03  1.03563632e-01  4.19851382e-03
  1.54393500e-01  9.22370922e-02]"
0.002562295308263149,0.0008382827282398516,"[ 2.68776538e+00  3.86604645e+00  1.99230892e+01  3.12234617e-01
  8.66763503e-02 -9.07953161e-03  1.03633924e-01  4.20410878e-03
  1.53821682e-01  9.22642244e-02]"
0.0025325228887556964,0.0008294465006198023,"[ 2.68812804e+00  3.86611952e+00  1.99233726e+01  3.11871955e-01
  8.65656351e-02 -9.07370657e-03  1.03703395e-01  4.20964257e-03
  1.53254825e-01  9.22922857e-02]"
0.0025032809390622044,0.0008207601893941601,"[ 2.68848593e+00  3.86619155e+00  1.99236536e+01  3.11514072e-01
  8.64564031e-02 -9.06795585e-03  1.03772059e-01  4.21511611e-03
  1.52692864e-01  9.23212437e-02]"
0.002474556688233154,0.0008122201767704105,"[ 2.68883912e+00  3.86626255e+00  1.99239321e+01  3.11160876e-01
  8.63486255e-02 -9.06227808e-03  1.03839929e-01  4.22053035e-03
  1.52135734e-01  9.23510668e-02]"
0.0024463377500770303,0.0008038229570197805,"[ 2.68918772e+00  3.86633255e+00  1.99242083e+01  3.10812279e-01
  8.62422742e-02 -9.05667191e-03  1.03907018e-01  4.22588621e-03
  1.51583372e-01  9.23817246e-02]"
0.0024186121092599983,0.000795565132320905,"[ 2.68953181e+00  3.86640158e+00  1.99244821e+01  3.10468193e-01
  8.61373218e-02 -9.05113602e-03  1.03973340e-01  4.23118457e-03
  1.51035717e-01  9.24131873e-02]"
0.002391368107993301,0.0007874434087513281,"[ 2.68987147e+00  3.86646964e+00  1.99247536e+01  3.10128534e-01
  8.60337414e-02 -9.04566914e-03  1.04038907e-01  4.23642633e-03
  1.50492708e-01  9.24454262e-02]"
0.002364594433277348,0.0007794545924885096,"[ 2.69020678e+00  3.86653676e+00  1.99250229e+01  3.09793219e-01
  8.59315070e-02 -9.04027002e-03  1.04103732e-01  4.24161233e-03
  1.49954286e-01  9.24784136e-02]"
0.0023382801046786064,0.0007715955861415499,"[ 2.69053783e+00  3.86660296e+00  1.99252898e+01  3.09462168e-01
  8.58305932e-02 -9.03493744e-03  1.04167826e-01  4.24674344e-03
  1.49420391e-01  9.25121224e-02]"
0.0023124144626115936,0.0007638633852510077,"[ 2.69086470e+00  3.86666826e+00  1.99255545e+01  3.09135301e-01
  8.57309752e-02 -9.02967020e-03  1.04231201e-01  4.25182048e-03
  1.48890967e-01  9.25465263e-02]"
0.0022869871571032834,0.0007562550749431334,"[ 2.69118746e+00  3.86673267e+00  1.99258170e+01  3.08812541e-01
  8.56326287e-02 -9.02446714e-03  1.04293870e-01  4.25684425e-03
  1.48365957e-01  9.25816000e-02]"
0.002261988137016655,0.0007487678266980399,"[ 2.69150619e+00  3.86679621e+00  1.99260773e+01  3.08493815e-01
  8.55355302e-02 -9.01932712e-03  1.04355843e-01  4.26181558e-03
  1.47845307e-01  9.26173188e-02]"
0.0022374076397119157,0.0007413988952849807,"[ 2.69182095e+00  3.86685890e+00  1.99263355e+01  3.08179047e-01
  8.54396565e-02 -9.01424903e-03  1.04417132e-01  4.26673522e-03
  1.47328960e-01  9.26536588e-02]"
0.0022132361811257675,0.000734145615802899,"[ 2.69213183e+00  3.86692076e+00  1.99265916e+01  3.07868168e-01
  8.53449851e-02 -9.00923178e-03  1.04477747e-01  4.27160396e-03
  1.46816866e-01  9.26905967e-02]"
0.0021894645462477687,0.0007270054008466266,"[ 2.69243889e+00  3.86698179e+00  1.99268455e+01  3.07561106e-01
  8.52514942e-02 -9.00427431e-03  1.04537700e-01  4.27642255e-03
  1.46308970e-01  9.27281101e-02]"
0.002166083779977216,0.0007199757377849138,"[ 2.69274221e+00  3.86704203e+00  1.99270974e+01  3.07257793e-01
  8.51591623e-02 -8.99937559e-03  1.04597000e-01  4.28119173e-03
  1.45805222e-01  9.27661771e-02]"
0.0021430851783422176,0.0007130541861676798,"[ 2.69304184e+00  3.86710147e+00  1.99273472e+01  3.06958164e-01
  8.50679683e-02 -8.99453460e-03  1.04655658e-01  4.28591223e-03
  1.45305571e-01  9.28047765e-02]"
0.002120460280065197,0.0007062383752114588,"[ 2.69333785e+00  3.86716014e+00  1.99275950e+01  3.06662152e-01
  8.49778919e-02 -8.98975034e-03  1.04713684e-01  4.29058475e-03
  1.44809967e-01  9.28438877e-02]"
0.0020982008584578683,0.0006995260014020606,"[ 2.69363031e+00  3.86721805e+00  1.99278408e+01  3.06369694e-01
  8.48889131e-02 -8.98502185e-03  1.04771088e-01  4.29521001e-03
  1.44318361e-01  9.28834907e-02]"
0.0020762989136327713,0.0006929148261982703,"[ 2.69391927e+00  3.86727522e+00  1.99280846e+01  3.06080729e-01
  8.48010124e-02 -8.98034818e-03  1.04827880e-01  4.29978868e-03
  1.43830706e-01  9.29235662e-02]"
0.002054746665015671,0.0006864026737967288,"[ 2.69420481e+00  3.86733166e+00  1.99283265e+01  3.05795194e-01
  8.47141707e-02 -8.97572840e-03  1.04884069e-01  4.30432144e-03
  1.43346954e-01  9.29640953e-02]"
0.002033536544146275,0.0006799874290301762,"[ 2.69448697e+00  3.86738738e+00  1.99285665e+01  3.05513031e-01
  8.46283694e-02 -8.97116161e-03  1.04939664e-01  4.30880895e-03
  1.42867058e-01  9.30050599e-02]"
0.0020126611877547456,0.0006736670353075722,"[ 2.69476582e+00  3.86744240e+00  1.99288045e+01  3.05234181e-01
  8.45435903e-02 -8.96664691e-03  1.04994674e-01  4.31325186e-03
  1.42390974e-01  9.30464422e-02]"
0.0019921134311008887,0.0006674394926594685,"[ 2.69504141e+00  3.86749672e+00  1.99290407e+01  3.04958588e-01
  8.44598156e-02 -8.96218345e-03  1.05049109e-01  4.31765081e-03
  1.41918657e-01  9.30882249e-02]"
0.001971886301566092,0.0006613028558433037,"[ 2.69531380e+00  3.86755037e+00  1.99292750e+01  3.04686197e-01
  8.43770280e-02 -8.95777036e-03  1.05102977e-01  4.32200643e-03
  1.41450061e-01  9.31303915e-02]"
0.0019519730124855081,0.0006552552325404144,"[ 2.69558305e+00  3.86760335e+00  1.99295074e+01  3.04416952e-01
  8.42952103e-02 -8.95340683e-03  1.05156286e-01  4.32631932e-03
  1.40985145e-01  9.31729257e-02]"
0.001932366957211646,0.0006492947815959742,"[ 2.69584920e+00  3.86765568e+00  1.99297381e+01  3.04150801e-01
  8.42143461e-02 -8.94909203e-03  1.05209046e-01  4.33059010e-03
  1.40523865e-01  9.32158118e-02]"
0.0019130617033979275,0.0006434197113654044,"[ 2.69611231e+00  3.86770736e+00  1.99299669e+01  3.03887692e-01
  8.41344191e-02 -8.94482518e-03  1.05261264e-01  4.33481936e-03
  1.40066178e-01  9.32590345e-02]"
0.0018940509874944933,0.0006376282780697573,"[ 2.69637243e+00  3.86775842e+00  1.99301940e+01  3.03627574e-01
  8.40554134e-02 -8.94060549e-03  1.05312948e-01  4.33900768e-03
  1.39612045e-01  9.33025790e-02]"
0.0018753287094457308,0.0006319187842664619,"[ 2.69662960e+00  3.86780885e+00  1.99304193e+01  3.03370398e-01
  8.39773135e-02 -8.93643219e-03  1.05364106e-01  4.34315563e-03
  1.39161424e-01  9.33464310e-02]"
0.0018568889275822453,0.000626289577348002,"[ 2.69688389e+00  3.86785867e+00  1.99306429e+01  3.03116114e-01
  8.39001041e-02 -8.93230455e-03  1.05414747e-01  4.34726378e-03
  1.38714276e-01  9.33905764e-02]"
0.0018387258536983293,0.0006207390481043035,"[ 2.69713532e+00  3.86790790e+00  1.99308647e+01  3.02864676e-01
  8.38237705e-02 -8.92822184e-03  1.05464877e-01  4.35133267e-03
  1.38270561e-01  9.34350017e-02]"
0.0018208338483077565,0.0006152656293244339,"[ 2.69738396e+00  3.86795654e+00  1.99310849e+01  3.02616036e-01
  8.37482980e-02 -8.92418333e-03  1.05514505e-01  4.35536285e-03
  1.37830239e-01  9.34796937e-02]"
0.0018032074160704158,0.0006098677944907509,"[ 2.69762985e+00  3.86800460e+00  1.99313034e+01  3.02370149e-01
  8.36736725e-02 -8.92018832e-03  1.05563637e-01  4.35935485e-03
  1.37393274e-01  9.35246398e-02]"
0.0017858412013818691,0.0006045440564687898,"[ 2.69787303e+00  3.86805210e+00  1.99315202e+01  3.02126970e-01
  8.35998800e-02 -8.91623614e-03  1.05612281e-01  4.36330919e-03
  1.36959628e-01  9.35698274e-02]"
0.001768729984121151,0.0005992929662807186,"[ 2.69811354e+00  3.86809903e+00  1.99317354e+01  3.01886457e-01
  8.35269069e-02 -8.91232610e-03  1.05660443e-01  4.36722639e-03
  1.36529263e-01  9.36152446e-02]"
0.0017518686755482837,0.0005941131119121609,"[ 2.69835144e+00  3.86814542e+00  1.99319489e+01  3.01648565e-01
  8.34547399e-02 -8.90845755e-03  1.05708131e-01  4.37110695e-03
  1.36102144e-01  9.36608796e-02]"
0.0017352523143466328,0.000589003117168801,"[ 2.69858675e+00  3.86819127e+00  1.99321609e+01  3.01413253e-01
  8.33833659e-02 -8.90462985e-03  1.05755352e-01  4.37495138e-03
  1.35678234e-01  9.37067211e-02]"
0.001718876062803914,0.0005839616405512659,"[ 2.69881952e+00  3.86823659e+00  1.99323713e+01  3.01180480e-01
  8.33127722e-02 -8.90084236e-03  1.05802113e-01  4.37876015e-03
  1.35257499e-01  9.37527581e-02]"
0.0017027352031263802,0.0005789873742152536,"[ 2.69904979e+00  3.86828139e+00  1.99325800e+01  3.00950207e-01
  8.32429462e-02 -8.89709446e-03  1.05848418e-01  4.38253374e-03
  1.34839903e-01  9.37989800e-02]"
0.0016868251338809936,0.0005740790429164885,"[ 2.69927761e+00  3.86832568e+00  1.99327873e+01  3.00722393e-01
  8.31738757e-02 -8.89338554e-03  1.05894277e-01  4.38627264e-03
  1.34425412e-01  9.38453762e-02]"
0.001671141366560025,0.0005692354030294115,"[ 2.69950300e+00  3.86836946e+00  1.99329930e+01  3.00497000e-01
  8.31055488e-02 -8.88971502e-03  1.05939693e-01  4.38997729e-03
  1.34013994e-01  9.38919368e-02]"
0.0016556795222641687,0.0005644552415921535,"[ 2.69972601e+00  3.86841275e+00  1.99331972e+01  3.00273990e-01
  8.30379536e-02 -8.88608230e-03  1.05984675e-01  4.39364816e-03
  1.33605613e-01  9.39386519e-02]"
0.0016404353284984038,0.000559737375377381,"[ 2.69994667e+00  3.86845555e+00  1.99333999e+01  3.00053327e-01
  8.29710788e-02 -8.88248682e-03  1.06029227e-01  4.39728569e-03
  1.33200239e-01  9.39855121e-02]"
0.0016254046160772873,0.0005550806500035258,"[ 2.70016503e+00  3.86849787e+00  1.99336011e+01  2.99834974e-01
  8.29049129e-02 -8.87892801e-03  1.06073356e-01  4.40089032e-03
  1.32797838e-01  9.40325082e-02]"
0.0016105833161342569,0.0005504839390767634,"[ 2.70038110e+00  3.86853972e+00  1.99338008e+01  2.99618896e-01
  8.28394450e-02 -8.87540533e-03  1.06117068e-01  4.40446249e-03
  1.32398380e-01  9.40796312e-02]"
0.0015959674572324915,0.0005459461433499176,"[ 2.70059494e+00  3.86858111e+00  1.99339991e+01  2.99405058e-01
  8.27746642e-02 -8.87191824e-03  1.06160369e-01  4.40800262e-03
  1.32001832e-01  9.41268723e-02]"
0.001581553162571685,0.0005414661899376666,"[ 2.70080657e+00  3.86862204e+00  1.99341959e+01  2.99193426e-01
  8.27105601e-02 -8.86846621e-03  1.06203263e-01  4.41151113e-03
  1.31608164e-01  9.41742233e-02]"
0.001567336647288286,0.0005370430315352095,"[ 2.70101603e+00  3.86866252e+00  1.99343913e+01  2.98983966e-01
  8.26471221e-02 -8.86504872e-03  1.06245757e-01  4.41498842e-03
  1.31217345e-01  9.42216759e-02]"
0.0015533142158455336,0.0005326756456609354,"[ 2.70122335e+00  3.86870256e+00  1.99345853e+01  2.98776646e-01
  8.25843402e-02 -8.86166527e-03  1.06287857e-01  4.41843490e-03
  1.30829346e-01  9.42692221e-02]"
0.0015394822595090783,0.0005283630339488705,"[ 2.70142857e+00  3.86874217e+00  1.99347779e+01  2.98571434e-01
  8.25222043e-02 -8.85831535e-03  1.06329567e-01  4.42185098e-03
  1.30444137e-01  9.43168542e-02]"
0.001525837253905797,0.0005241042214503855,"[ 2.70163170e+00  3.86878135e+00  1.99349692e+01  2.98368297e-01
  8.24607048e-02 -8.85499848e-03  1.06370893e-01  4.42523703e-03
  1.30061690e-01  9.43645649e-02]"
0.0015123757566624376,0.0005198982559442291,"[ 2.70183279e+00  3.86882011e+00  1.99351590e+01  2.98167206e-01
  8.23998319e-02 -8.85171418e-03  1.06411839e-01  4.42859345e-03
  1.29681974e-01  9.44123467e-02]"
0.0014990944051212732,0.0005157442073082582,"[ 2.70203187e+00  3.86885845e+00  1.99353475e+01  2.97968130e-01
  8.23395764e-02 -8.84846198e-03  1.06452412e-01  4.43192062e-03
  1.29304963e-01  9.44601927e-02]"
0.0014859899141292379,0.0005116411668741442,"[ 2.70222896e+00  3.86889638e+00  1.99355347e+01  2.97771040e-01
  8.22799290e-02 -8.84524141e-03  1.06492616e-01  4.43521889e-03
  1.28930629e-01  9.45080961e-02]"
0.0014730590738984966,0.0005075882468216272,"[ 2.70242409e+00  3.86893392e+00  1.99357205e+01  2.97575905e-01
  8.22208806e-02 -8.84205203e-03  1.06532456e-01  4.43848864e-03
  1.28558943e-01  9.45560501e-02]"
0.0014602987479361196,0.0005035845795991261,"[ 2.70261730e+00  3.86897106e+00  1.99359051e+01  2.97382699e-01
  8.21624226e-02 -8.83889339e-03  1.06571937e-01  4.44173023e-03
  1.28189879e-01  9.46040483e-02]"
0.0014477058710391758,0.0004996293173380249,"[ 2.70280861e+00  3.86900780e+00  1.99360883e+01  2.97191392e-01
  8.21045461e-02 -8.83576505e-03  1.06611063e-01  4.44494402e-03
  1.27823411e-01  9.46520846e-02]"
0.0014352774473538883,0.0004957216313242794,"[ 2.70299804e+00  3.86904417e+00  1.99362702e+01  2.97001957e-01
  8.20472427e-02 -8.83266660e-03  1.06649840e-01  4.44813034e-03
  1.27459511e-01  9.47001528e-02]"
0.0014230105484961534,0.0004918607114486964,"[ 2.70318563e+00  3.86908016e+00  1.99364509e+01  2.96814368e-01
  8.19905040e-02 -8.82959760e-03  1.06688271e-01  4.45128955e-03
  1.27098154e-01  9.47482470e-02]"
0.001410902311731258,0.00048804576569539266,"[ 2.70337140e+00  3.86911578e+00  1.99366303e+01  2.96628597e-01
  8.19343218e-02 -8.82655764e-03  1.06726362e-01  4.45442197e-03
  1.26739314e-01  9.47963616e-02]"
0.001398949938210792,0.00048427601965248646,"[ 2.70355538e+00  3.86915103e+00  1.99368085e+01  2.96444620e-01
  8.18786881e-02 -8.82354632e-03  1.06764116e-01  4.45752795e-03
  1.26382967e-01  9.48444911e-02]"
0.0013871506912640484,0.00048055071602809527,"[ 2.70373759e+00  3.86918592e+00  1.99369855e+01  2.96262410e-01
  8.18235950e-02 -8.82056325e-03  1.06801539e-01  4.46060780e-03
  1.26029086e-01  9.48926299e-02]"
0.0013755018947431957,0.0004768691141692495,"[ 2.70391806e+00  3.86922045e+00  1.99371612e+01  2.96081942e-01
  8.17690348e-02 -8.81760803e-03  1.06838633e-01  4.46366185e-03
  1.25677648e-01  9.49407730e-02]"
0.0013640009314192549,0.000473230489626153,"[ 2.70409681e+00  3.86925464e+00  1.99373357e+01  2.95903192e-01
  8.17149999e-02 -8.81468029e-03  1.06875405e-01  4.46669041e-03
  1.25328629e-01  9.49889154e-02]"
0.0013526452414275273,0.0004696341337183833,"[ 2.70427386e+00  3.86928848e+00  1.99375090e+01  2.95726137e-01
  8.16614829e-02 -8.81177963e-03  1.06911857e-01  4.46969380e-03
  1.24982004e-01  9.50370520e-02]"
0.0013414323207607214,0.00046607935308912087,"[ 2.70444925e+00  3.86932198e+00  1.99376811e+01  2.95550751e-01
  8.16084764e-02 -8.80890571e-03  1.06947994e-01  4.47267231e-03
  1.24637749e-01  9.50851781e-02]"
0.0013303597198078242,0.0004625654693206998,"[ 2.70462299e+00  3.86935515e+00  1.99378521e+01  2.95377013e-01
  8.15559733e-02 -8.80605814e-03  1.06983820e-01  4.47562626e-03
  1.24295843e-01  9.51332892e-02]"
0.0013194250419379684,0.0004590918185246549,"[ 2.70479510e+00  3.86938798e+00  1.99380219e+01  2.95204899e-01
  8.15039665e-02 -8.80323658e-03  1.07019339e-01  4.47855593e-03
  1.23956260e-01  9.51813808e-02]"
0.0013086259421262684,0.0004556577509524659,"[ 2.70496561e+00  3.86942049e+00  1.99381905e+01  2.95034387e-01
  8.14524491e-02 -8.80044068e-03  1.07054554e-01  4.48146161e-03
  1.23618980e-01  9.52294486e-02]"
0.0012979601256220804,0.0004522626306361318,"[ 2.70513454e+00  3.86945269e+00  1.99383580e+01  2.94865455e-01
  8.14014144e-02 -8.79767010e-03  1.07089469e-01  4.48434361e-03
  1.23283980e-01  9.52774883e-02]"
0.0012874253466562055,0.0004489058350183424,"[ 2.70530192e+00  3.86948456e+00  1.99385244e+01  2.94698082e-01
  8.13508557e-02 -8.79492448e-03  1.07124089e-01  4.48720219e-03
  1.22951237e-01  9.53254960e-02]"
0.0012770194071873215,0.00044558675460749654,"[ 2.70546775e+00  3.86951613e+00  1.99386896e+01  2.94532246e-01
  8.13007664e-02 -8.79220352e-03  1.07158417e-01  4.49003763e-03
  1.22620729e-01  9.53734676e-02]"
0.0012667401556856236,0.0004423047926299254,"[ 2.70563207e+00  3.86954739e+00  1.99388538e+01  2.94367926e-01
  8.12511401e-02 -8.78950687e-03  1.07192456e-01  4.49285022e-03
  1.22292436e-01  9.54213993e-02]"
0.0012565854859523282,0.00043905936470839,"[ 2.70579490e+00  3.86957834e+00  1.99390168e+01  2.94205103e-01
  8.12019706e-02 -8.78683422e-03  1.07226210e-01  4.49564021e-03
  1.21966336e-01  9.54692875e-02]"
0.001246553335973931,0.00043584989854432063,"[ 2.70595624e+00  3.86960900e+00  1.99391788e+01  2.94043755e-01
  8.11532516e-02 -8.78418525e-03  1.07259682e-01  4.49840788e-03
  1.21642408e-01  9.55171286e-02]"
0.0012366416868104435,0.00043267583360682944,"[ 2.70611614e+00  3.86963936e+00  1.99393397e+01  2.93883864e-01
  8.11049770e-02 -8.78155966e-03  1.07292877e-01  4.50115348e-03
  1.21320631e-01  9.55649191e-02]"
0.0012268485615157835,0.00042953662082639594,"[ 2.70627459e+00  3.86966944e+00  1.99394995e+01  2.93725410e-01
  8.10571409e-02 -8.77895714e-03  1.07325797e-01  4.50387728e-03
  1.21000985e-01  9.56126556e-02]"
0.0012171720240896683,0.0004264317223194804,"[ 2.70643163e+00  3.86969923e+00  1.99396583e+01  2.93568373e-01
  8.10097374e-02 -8.77637739e-03  1.07358445e-01  4.50657952e-03
  1.20683450e-01  9.56603349e-02]"
0.0012076101784602796,0.0004233606110834027,"[ 2.70658726e+00  3.86972874e+00  1.99398160e+01  2.93412737e-01
  8.09627608e-02 -8.77382011e-03  1.07390826e-01  4.50926046e-03
  1.20368006e-01  9.57079538e-02]"
0.0011981611674954883,0.00042032277075360964,"[ 2.70674152e+00  3.86975797e+00  1.99399727e+01  2.93258480e-01
  8.09162054e-02 -8.77128503e-03  1.07422942e-01  4.51192034e-03
  1.20054633e-01  9.57555094e-02]"
0.001188823172043583,0.0004173176953060554,"[ 2.70689441e+00  3.86978692e+00  1.99401283e+01  2.93105587e-01
  8.08700656e-02 -8.76877186e-03  1.07454796e-01  4.51455940e-03
  1.19743313e-01  9.58029986e-02]"
0.0011795944100004762,0.0004143448888225637,"[ 2.70704596e+00  3.86981561e+00  1.99402830e+01  2.92954039e-01
  8.08243359e-02 -8.76628031e-03  1.07486391e-01  4.51717789e-03
  1.19434024e-01  9.58504185e-02]"
0.00117047313540427,0.00041140386522801084,"[ 2.70719618e+00  3.86984403e+00  1.99404366e+01  2.92803819e-01
  8.07790110e-02 -8.76381011e-03  1.07517732e-01  4.51977603e-03
  1.19126750e-01  9.58977665e-02]"
0.0011614576375550028,0.00040849414806069415,"[ 2.70734509e+00  3.86987219e+00  1.99405893e+01  2.92654909e-01
  8.07340857e-02 -8.76136100e-03  1.07548820e-01  4.52235406e-03
  1.18821471e-01  9.59450399e-02]"
0.0011525462401596345,0.00040561527021242775,"[ 2.70749271e+00  3.86990008e+00  1.99407409e+01  2.92507293e-01
  8.06895546e-02 -8.75893271e-03  1.07579658e-01  4.52491221e-03
  1.18518168e-01  9.59922360e-02]"
0.0011437373005011148,0.0004027667737379343,"[ 2.70763905e+00  3.86992772e+00  1.99408916e+01  2.92360954e-01
  8.06454128e-02 -8.75652497e-03  1.07610250e-01  4.52745070e-03
  1.18216824e-01  9.60393524e-02]"
0.001135029208630452,0.00039994820958744285,"[ 2.70778412e+00  3.86995511e+00  1.99410413e+01  2.92215876e-01
  8.06016551e-02 -8.75413754e-03  1.07640599e-01  4.52996975e-03
  1.17917420e-01  9.60863866e-02]"
0.0011264203865819673,0.0003971591374298659,"[ 2.70792796e+00  3.86998225e+00  1.99411900e+01  2.92072043e-01
  8.05582768e-02 -8.75177015e-03  1.07670707e-01  4.53246957e-03
  1.17619940e-01  9.61333364e-02]"
0.0011179092876096631,0.00039439912541852764,"[ 2.70807056e+00  3.87000915e+00  1.99413378e+01  2.91929440e-01
  8.05152729e-02 -8.74942257e-03  1.07700577e-01  4.53495040e-03
  1.17324364e-01  9.61801994e-02]"
0.0011094943954453344,0.0003916677500037811,"[ 2.70821195e+00  3.87003580e+00  1.99414847e+01  2.91788050e-01
  8.04726387e-02 -8.74709454e-03  1.07730212e-01  4.53741243e-03
  1.17030676e-01  9.62269735e-02]"
0.0011011742235770257,0.0003889645957211584,"[ 2.70835214e+00  3.87006222e+00  1.99416306e+01  2.91647858e-01
  8.04303695e-02 -8.74478583e-03  1.07759614e-01  4.53985587e-03
  1.16738859e-01  9.62736565e-02]"
0.001092947314547324,0.0003862892550048709,"[ 2.70849115e+00  3.87008839e+00  1.99417756e+01  2.91508850e-01
  8.03884607e-02 -8.74249620e-03  1.07788787e-01  4.54228093e-03
  1.16448895e-01  9.63202465e-02]"
0.001084812239270682,0.0003836413280113328,"[ 2.70862899e+00  3.87011434e+00  1.99419196e+01  2.91371011e-01
  8.03469077e-02 -8.74022542e-03  1.07817732e-01  4.54468781e-03
  1.16160769e-01  9.63667415e-02]"
0.0010767675963698337,0.00038102042241745196,"[ 2.70876567e+00  3.87014005e+00  1.99420628e+01  2.91234326e-01
  8.03057062e-02 -8.73797327e-03  1.07846454e-01  4.54707672e-03
  1.15874463e-01  9.64131396e-02]"
0.0010688120115298645,0.00037842615325923843,"[ 2.70890122e+00  3.87016554e+00  1.99422050e+01  2.91098781e-01
  8.02648517e-02 -8.73573950e-03  1.07874953e-01  4.54944784e-03
  1.15589961e-01  9.64594389e-02]"
0.0010609441368699213,0.0003758581427602058,"[ 2.70903564e+00  3.87019081e+00  1.99423464e+01  2.90964363e-01
  8.02243400e-02 -8.73352391e-03  1.07903233e-01  4.55180138e-03
  1.15307248e-01  9.65056377e-02]"
0.001053162650331982,0.00037331602015234453,"[ 2.70916894e+00  3.87021585e+00  1.99424868e+01  2.90831057e-01
  8.01841667e-02 -8.73132628e-03  1.07931295e-01  4.55413751e-03
  1.15026306e-01  9.65517344e-02]"
0.001045466255085859,0.0003707994215277855,"[ 2.70930115e+00  3.87024067e+00  1.99426264e+01  2.90698849e-01
  8.01443279e-02 -8.72914639e-03  1.07959144e-01  4.55645644e-03
  1.14747121e-01  9.65977271e-02]"
0.0010378536789503758,0.0003683079896727647,"[ 2.70943227e+00  3.87026528e+00  1.99427652e+01  2.90567728e-01
  8.01048192e-02 -8.72698403e-03  1.07986780e-01  4.55875834e-03
  1.14469677e-01  9.66436145e-02]"
0.0010303236738296796,0.0003658413739205321,"[ 2.70956232e+00  3.87028968e+00  1.99429030e+01  2.90437678e-01
  8.00656368e-02 -8.72483900e-03  1.08014207e-01  4.56104341e-03
  1.14193959e-01  9.66893949e-02]"
0.001022875015164929,0.00036339922999067265,"[ 2.70969131e+00  3.87031387e+00  1.99430400e+01  2.90308688e-01
  8.00267766e-02 -8.72271108e-03  1.08041426e-01  4.56331181e-03
  1.13919951e-01  9.67350669e-02]"
0.0010155065014001918,0.00036098121986253537,"[ 2.70981925e+00  3.87033785e+00  1.99431762e+01  2.90180745e-01
  7.99882348e-02 -8.72060009e-03  1.08068440e-01  4.56556373e-03
  1.13647638e-01  9.67806291e-02]"
0.0010082169534625567,0.0003585870116136902,"[ 2.70994616e+00  3.87036162e+00  1.99433115e+01  2.90053836e-01
  7.99500075e-02 -8.71850581e-03  1.08095251e-01  4.56779934e-03
  1.13377006e-01  9.68260802e-02]"
0.0010010052142559258,0.00035621627929646044,"[ 2.71007205e+00  3.87038519e+00  1.99434460e+01  2.89927949e-01
  7.99120910e-02 -8.71642807e-03  1.08121862e-01  4.57001881e-03
  1.13108039e-01  9.68714187e-02]"
0.000993870148167988,0.0003538687028001887,"[ 2.71019693e+00  3.87040856e+00  1.99435796e+01  2.89803072e-01
  7.98744815e-02 -8.71436665e-03  1.08148274e-01  4.57222232e-03
  1.12840724e-01  9.69166436e-02]"
